{
    "Anh D\u01b0\u01a1ng": [
        -258.1103286743164,
        127.72629928588867,
        -2.27937900274992,
        24.741840839385986,
        -0.9254599213600159,
        -11.877216339111328,
        -10.655635356903076,
        -2.1436435729265213,
        -2.4794269800186157,
        -5.105340301990509,
        -6.957804799079895,
        0.9478561878204346,
        -11.900643825531006
    ],
    "Anh U\u1ea9n": [
        -258.1103286743164,
        127.72629928588867,
        -2.27937900274992,
        24.741840839385986,
        -0.9254599213600159,
        -11.877216339111328,
        -10.655635356903076,
        -2.1436435729265213,
        -2.4794269800186157,
        -5.105340301990509,
        -6.957804799079895,
        0.9478561878204346,
        -11.900643825531006
    ],
    "Anh Tu\u1ea5n": [
        -163.17147827148438,
        130.8055419921875,
        -27.035106658935547,
        5.052656650543213,
        -23.301027297973633,
        -14.047204971313477,
        -19.90949249267578,
        -24.20294952392578,
        -7.896084308624268,
        -5.821231365203857,
        -14.309406280517578,
        -8.509320259094238,
        -9.892576217651367
    ],
    "Anh D\u0169ng": [
        -258.1103286743164,
        127.72629928588867,
        -2.27937900274992,
        24.741840839385986,
        -0.9254599213600159,
        -11.877216339111328,
        -10.655635356903076,
        -2.1436435729265213,
        -2.4794269800186157,
        -5.105340301990509,
        -6.957804799079895,
        0.9478561878204346,
        -11.900643825531006
    ]
}